dimension,category,orders,avg_delta,total_delta
Journey type,One Way,37110,3.8907217033319736,144384.68241064955
Journey type,Return,21909,-0.5791340247633525,-12688.24734854029
Domestic vs International,Domestic,29247,5.758414536071987,168416.3499364974
Domestic vs International,International,29772,-1.2333707804107252,-36719.91487438811
Ticket price zone,Pays more,34554,6.405065355007865,221320.62827694177
Ticket price zone,About even,6763,-0.7205338191854506,-4872.970219151202
Ticket price zone,Pays less,17702,-4.787663710071251,-84751.22299568128
