month,direct_cheap,total_cheap,share_pct
1,163,4381,3.720611732481169
2,169,2725,6.201834862385321
3,267,4044,6.602373887240357
4,346,4327,7.996302287959326
5,282,4236,6.6572237960339935
6,314,4536,6.9223985890652555
7,564,6316,8.929702343255224
8,417,5672,7.351904090267983
9,390,4837,8.062848873268555
10,251,3373,7.44144678327898
11,293,3095,9.466882067851373
12,320,2811,11.383849163998578
