zone,zone_plain,orders,share_pct,avg_delta,total_delta,avg_margin
<$262.50 (fee up),Pays more,34554,58.5472474965689,6.405065355007865,221320.62827694177,-0.6681938072840082
$262.50-500 (about even),About even,6763,11.459021670987308,-0.7205338191854506,-4872.970219151202,3.882620045928883
>$500 (fee down),Pays less,17702,29.993730832443788,-4.787663710071251,-84751.22299568128,23.18171518590022
